{"assets/coranica.ttf":["assets/coranica.ttf"],"assets/fonts/Cairo-Bold.ttf":["assets/fonts/Cairo-Bold.ttf"],"assets/fonts/Cairo-Regular.ttf":["assets/fonts/Cairo-Regular.ttf"],"assets/fonts/Droid-Arabic-Kufi-Bold.ttf":["assets/fonts/Droid-Arabic-Kufi-Bold.ttf"],"assets/fonts/Droid-Arabic-Kufi.ttf":["assets/fonts/Droid-Arabic-Kufi.ttf"],"assets/fonts/Droid-Sans.ttf":["assets/fonts/Droid-Sans.ttf"],"assets/fonts/GE-SS-Two-Bold.otf":["assets/fonts/GE-SS-Two-Bold.otf"],"assets/fonts/GE_SS_Two_Light.otf":["assets/fonts/GE_SS_Two_Light.otf"],"assets/fonts/HacenTunisia.ttf":["assets/fonts/HacenTunisia.ttf"],"assets/fonts/Tajawal-Bold.ttf":["assets/fonts/Tajawal-Bold.ttf"],"assets/fonts/Tajawal-Regular.ttf":["assets/fonts/Tajawal-Regular.ttf"],"assets/png/ar.png":["assets/png/ar.png"],"assets/png/bag.png":["assets/png/bag.png"],"assets/png/customer_background.png":["assets/png/customer_background.png"],"assets/png/en.png":["assets/png/en.png"],"assets/png/footer.png":["assets/png/footer.png"],"assets/png/history.png":["assets/png/history.png"],"assets/png/home/backup.png":["assets/png/home/backup.png"],"assets/png/home/customer.png":["assets/png/home/customer.png"],"assets/png/home/invoice.png":["assets/png/home/invoice.png"],"assets/png/home/products.png":["assets/png/home/products.png"],"assets/png/home/reports.png":["assets/png/home/reports.png"],"assets/png/home/warehouse.png":["assets/png/home/warehouse.png"],"assets/png/intro_lang_icon.png":["assets/png/intro_lang_icon.png"],"assets/png/logo.png":["assets/png/logo.png"],"assets/png/logo02.png":["assets/png/logo02.png"],"assets/png/logo_full.png":["assets/png/logo_full.png"],"assets/png/min_invoice.png":["assets/png/min_invoice.png"],"assets/png/money.png":["assets/png/money.png"],"assets/png/no_data.png":["assets/png/no_data.png"],"assets/svg/add.svg":["assets/svg/add.svg"],"assets/svg/langIcon.svg":["assets/svg/langIcon.svg"],"assets/svg/logo.svg":["assets/svg/logo.svg"],"assets/svg/logo01.svg":["assets/svg/logo01.svg"],"assets/svg/logo02.svg":["assets/svg/logo02.svg"],"packages/cupertino_icons/assets/CupertinoIcons.ttf":["packages/cupertino_icons/assets/CupertinoIcons.ttf"],"packages/fluttertoast/assets/toastify.css":["packages/fluttertoast/assets/toastify.css"],"packages/fluttertoast/assets/toastify.js":["packages/fluttertoast/assets/toastify.js"]}