[{"family":"MaterialIcons","fonts":[{"asset":"fonts/MaterialIcons-Regular.otf"}]},{"family":"arabFont","fonts":[{"weight":700,"asset":"assets/fonts/GE-SS-Two-Bold.otf"}]},{"family":"arabFontLight","fonts":[{"weight":500,"asset":"assets/fonts/GE_SS_Two_Light.otf"}]},{"family":"Cairo","fonts":[{"weight":400,"asset":"assets/fonts/Cairo-Regular.ttf"}]},{"family":"Cairo-Bold","fonts":[{"weight":700,"asset":"assets/fonts/Cairo-Bold.ttf"}]},{"family":"Droid Sans Arabic","fonts":[{"weight":400,"asset":"assets/fonts/Droid-Sans.ttf"}]},{"family":"Droid Sans Arabic Bold","fonts":[{"weight":700,"asset":"assets/fonts/Droid-Sans.ttf"}]},{"family":"Tajawal","fonts":[{"weight":400,"asset":"assets/fonts/Tajawal-Regular.ttf"}]},{"family":"Droid Sans Arabic Bold","fonts":[{"weight":700,"asset":"assets/fonts/Tajawal-Bold.ttf"}]},{"family":"Tajawal","fonts":[{"weight":100,"asset":"assets/fonts/HacenTunisia.ttf"}]},{"family":"Droid Arabic Kufi","fonts":[{"weight":700,"asset":"assets/fonts/Droid-Arabic-Kufi-Bold.ttf"}]},{"family":"Droid Arabic Kufi Bold","fonts":[{"weight":400,"asset":"assets/fonts/Droid-Arabic-Kufi.ttf"}]},{"family":"packages/cupertino_icons/CupertinoIcons","fonts":[{"asset":"packages/cupertino_icons/assets/CupertinoIcons.ttf"}]}]